NUMERO,TSA_NIMI,TIE,TIEOSA,ETAISYYS,X,Y,KORKEUS,KUNTAKOODI,KUNNAN_NIMI,TIEPIIRIN_NIMI,SIJOITTELU,LEVEYS_ASTE,LEVEYS_MINUUTTI,LEVEYS_SEKUNTI,PITUUS_ASTE,PITUUS_MINUUTTI,PITUUS_SEKUNTI
1001,vt1_Nupuri_R,1,6,2950,6682038,3366992,0,49,Espoo,Uusimaa,,60,13,41,24,35,"47,1"
1002,kt51_Hki_Lapinlahti_R,51,1,3370,6674583,3383085,0,91,Helsinki,Uusimaa,,60,9,58,24,53,"27,3"
1003,st110_Myllylampi_R,110,13,100,6692178,3347449,0,927,Vihti,Uusimaa,,60,18,"43,6",24,14,"11,3"
1004,vt4_Jakomäki_R,4,103,2215,6683807,3393000,0,92,Vantaa,Uusimaa,,60,15,"5,7",25,3,"52,2"
1005,vt4_Kerava_R,4,107,4200,6703184,3396834,0,245,Kerava,Uusimaa,,60,25,35,25,7,"25,5"
1006,vt7_Koskenkylä_Opt,7,14,1285,6709338,3440449,0,434,Loviisa,Uusimaa,,60,29,"25,5",25,54,"48,9"
1007,vt2_Salkola_Opt,2,18,2515,6729393,3330167,0,540,Nummi-Pusula,Uusimaa,,60,38,"19,5",23,53,33
1009,vt4_Ohkola_R,4,109,6815,6717476,3400716,0,505,Mäntsälä,Uusimaa,,60,33,"20,1",25,11,"13,4"
1010,vt4_Levanto_R,4,115,4440,6737198,3415504,0,505,Mäntsälä,Uusimaa,,60,44,"9,2",25,26,"52,8"
1011,vt7_Sipoonlahti_R,7,4,2110,6686731,3407525,0,753,Sipoo,Uusimaa,,60,16,53,25,19,"31,3"
1012,kt51_Kivenlahti_R,51,6,2230,6673535,3370637,0,49,Espoo,Uusimaa,,60,9,"10,7",24,40,"3,2"
1013,kt51_Inkoo_R,51,13,2000,6664557,3337337,0,149,Inkoo,Uusimaa,,60,3,"38,1",24,4,"33,2"
1014,vt25_Hanko_R,25,2,5100,6644903,3277319,0,78,Hanko,Uusimaa,,59,51,"23,1",23,1,"18,9"
1015,vt25_Karjaa_R,25,15,335,6667708,3317975,0,710,Raasepori,Uusimaa,,60,4,"50,5",23,43,"33,7"
1016,vt25_Virkkala_R,25,19,5940,6680631,3334910,0,444,Lohja,Uusimaa,,60,12,"13,3",24,1,"9,7"
1017,vt25_Haimoo_Opt,25,27,1560,6707878,3364155,0,927,Vihti,Uusimaa,,60,27,"31,7",24,31,40
1018,vt25_Hyvinkää_R,25,32,2200,6720846,3381360,0,106,Hyvinkää,Uusimaa,,60,34,50,24,49,"56,8"
1019,vt7_Porvoo_R,7,8,2800,6697264,3422604,0,638,Porvoo,Uusimaa,,60,22,"44,6",25,35,"37,5"
1020,vt3_Karhunkorpi_R,3,106,4558,6711440,3382127,0,543,Nurmijärvi,Uusimaa,,60,29,"47,1",24,51,"7,3"
1021,kt55_Monninkylä_R,55,3,1200,6711380,3419855,0,18,Askola,Uusimaa,,60,30,"18,6",25,32,"17,7"
1022,vt7_Loviisa_R,7,19,150,6705839,3455787,0,434,Loviisa,Uusimaa,,60,27,"39,6",26,11,"36,1"
1030,st110_Hyrsylän_mutka_R,110,15,2930,6701315,3336582,0,540,Nummi-Pusula,Uusimaa,,60,23,"23,1",24,1,"57,7"
1032,st110_Oinola_R,110,17,3020,6701207,3329527,0,540,Nummi-Pusula,Uusimaa,,60,23,"9,2",23,54,"18,1"
1034,vt3_Pirkkola_R,3,101,4915,6681605,3384093,0,91,Helsinki,Uusimaa,,60,13,"45,8",24,54,"18,1"
1035,kt50_Askisto_R,50,4,4000,6686465,3376780,0,92,Vantaa,Uusimaa,,60,16,15,24,46,"12,7"
1036,kt45_Ilola_R,45,3,3200,6691616,3389529,0,92,Vantaa,Uusimaa,,60,19,"14,5",24,59,"51,3"
1037,vt6_Lapinjärvi_R,6,120,1520,6723175,3455275,0,407,Lapinjärvi,Uusimaa,,60,36,"59,5",26,10,"48,4"
1041,vt3_Keimola_2_R,3,103,4185,6692554,3380072,0,92,Vantaa,Uusimaa,,60,19,"35,1",24,49,"33,6"
1042,kt45_Raala_R,45,7,3000,6707712,3387179,0,858,Tuusula,Uusimaa,,60,27,"51,9",24,56,"45,6"
1043,vt1_Palojärvi_R,1,9,2720,6689894,3351931,0,927,Vihti,Uusimaa,,60,17,"35,8",24,19,9
1044,vt1_Palojärvi_O,1,9,2720,6689894,3351931,0,927,Vihti,Uusimaa,,60,17,"35,8",24,19,9
1045,kt51_Vaskisalmi_R,51,2,1500,6674424,3380944,0,91,Helsinki,Uusimaa,,60,9,"50,7",24,51,"8,9"
1046,kt51_Vaskisalmi_O,51,2,1500,6674424,3380944,0,91,Helsinki,Uusimaa,,60,9,"50,7",24,51,"8,9"
1047,kt51_Karhusaari_R,51,3,0,6675022,3379333,0,49,Espoo,Uusimaa,,60,10,"8,3",24,49,"23,2"
1048,kt51_Karhusaari_O,51,3,0,6675022,3379333,0,49,Espoo,Uusimaa,,60,10,"8,3",24,49,"23,2"
1049,Vantaa_Hakkila_R,99999,,,6687197,3393955,0,92,Vantaa,Uusimaa,"Vantaa, Vanha porvoontie",60,16,"56,1",25,4,"47,9"
1051,kt51_Kirkkonummi_R,51,9,1700,6669727,3355668,0,257,Kirkkonummi,Uusimaa,,60,6,"49,7",24,24,"3,6"
1052,vt2_Karkkila_R,2,14,452,6717500,3348010,0,224,Karkkila,Uusimaa,,60,32,"21,5",24,13,"38,4"
1053,vt25_Tammisaari_R,25,8,300,6657430,3299200,0,710,Raasepori,Uusimaa,,59,58,"47,4",23,23,"57,9"
1054,vt25_Keravanjärvi_R,25,34,5000,6724484,3395719,0,505,Mäntsälä,Uusimaa,,60,37,"1,8",25,5,"32,3"
1055,st101_Turvesuo_R,101,2,2600,6676820,3378530,0,49,Espoo,Uusimaa,,60,11,"5,5",24,48,"27,3"
1057,kt50_Askisto_O,50,4,4000,6686465,3376780,0,92,Vantaa,Uusimaa,,60,16,15,24,46,"12,7"
1058,kt45_Ilola_O,45,3,3200,6691616,3389529,0,92,Vantaa,Uusimaa,,60,19,"14,5",24,59,"51,3"
1059,st167_Hallila_R,167,12,4020,6723905,3437930,0,92,Vantaa,Uusimaa,,60,37,"14,7",25,51,"47,5"
1060,vt1_Nupuri_Opt,1,6,2950,6682038,3366992,0,49,Espoo,Uusimaa,,60,13,41,24,35,"47,1"
1061,vt3_Pirkkola_Opt,3,101,4915,6681605,3384093,0,91,Helsinki,Uusimaa,,60,13,"45,8",24,54,"18,1"
1062,kt51_Vaskisalmi_Opt,51,2,1500,6674424,3380944,0,91,Helsinki,Uusimaa,,60,9,"50,7",24,51,"8,9"
1063,vt3_Keimola_2_Opt,3,103,4185,6692554,3380072,0,92,Vantaa,Uusimaa,,60,19,"35,1",24,49,"33,6"
1064,kt51_Kivenlahti_Opt,51,6,2230,6673580,3370633,0,49,Espoo,Uusimaa,,60,9,"12,1",24,40,"2,8"
1065,vt1_Kolmiranta_R,1,7,4030,6686000,3362000,0,49,Espoo,Uusimaa,,60,15,"42,9",24,30,"13,3"
1066,vt1_Lehmijärvi_R,1,22,3750,6689702,3342962,0,444,Lohja,Uusimaa,,60,17,"17,5",24,9,"26,4"
1067,vt4_Jakomäki_Opt,4,103,2215,6683807,3393000,0,92,Vantaa,Uusimaa,,60,15,"5,7",25,3,"52,2"
1068,vt4_Levanto_Opt,4,115,4440,6737198,3415504,0,505,Mäntsälä,Uusimaa,,60,44,"9,2",25,26,"52,8"
1069,vt25_Hyvinkää_Opt,25,32,2200,6720846,3381360,0,106,Hyvinkää,Uusimaa,,60,34,50,24,49,"56,8"
1070,vt6_Kimonkylä_R,6,123,4397,6732330,3462100,0,407,Lapinjärvi,Uusimaa,,60,41,"57,8",26,18,"10,7"
1071,Vuosaaren_satama_R,103,1,150,6682530,3397880,0,91,Helsinki,Uusimaa,Masto,60,14,29,25,9,"11,7"
1072,Vuosaaren_tunneli_R,103,1,850,6681510,3398300,0,91,Helsinki,Uusimaa,Tunneli,60,13,"56,4",25,9,"40,8"
1073,Satamatie_R,103,1,1700,6680430,3398880,0,92,Vantaa,Uusimaa,Masto,60,13,"22,1",25,10,"20,4"
1074,vt25_Nummela_Opt,25,23,2600,6693827,3349665,0,540,Nummi-Pusula,Uusimaa,,60,19,"39,8",24,16,"31,1"
1075,vt25_Hanko_Opt,25,2,5101,6644903,3277319,0,78,Hanko,Uusimaa,,59,51,"23,1",23,1,"18,9"
1076,vt25_Karjaa_Opt,25,15,335,6667708,3317975,0,710,Raasepori,Uusimaa,,60,4,"50,5",23,43,"33,7"
1077,vt7_Loviisa_Opt,7,19,151,6705839,3455787,0,434,Loviisa,Uusimaa,,60,27,"39,6",26,11,"36,1"
1078,kt51_Kirkkonummi_Opt,51,9,1700,6669727,3355668,0,257,Kirkkonummi,Uusimaa,,60,6,"49,7",24,24,"3,6"
1079,vt1_Lehmijärvi_Opt,1,22,3750,6689702,3342962,0,444,Lohja,Uusimaa,,60,17,"17,5",24,9,"26,4"
1080,vt6_Kimonkylä_Opt,6,123,4397,6732330,3462100,0,407,Lapinjärvi,Uusimaa,,60,41,"57,8",26,18,"10,7"
1081,vt1_Palojärvi_Opt,1,9,2720,6689894,3351931,0,927,Vihti,Uusimaa,,60,17,"35,8",24,19,9
1082,vt4_Kerava_Opt,4,107,4200,6703184,3396834,0,245,Kerava,Uusimaa,,60,25,35,25,7,"25,5"
1083,vt7_Sipoonlahti_Opt,7,4,2110,6686731,3407525,0,753,Sipoo,Uusimaa,,60,16,53,25,19,"31,3"
1084,kt50_Suutarila_Opt,50,7,2026,6687601,3390432,16,92,Vantaa,Uusimaa,,60,17,"5,8",25,0,58
1085,kt50_Suutarila_R,50,7,2026,6687601,3390432,16,92,Vantaa,Uusimaa,,60,17,"5,8",25,0,58
1086,st120_Salmi_Opt,120,6,4703,6696286,3364285,0,927,Vihti,Uusimaa,,60,21,"17,7",24,32,"16,8"
1087,yt1282_Ikkala_R,1282,2,4864,6713296,3340130,0,540,Nummi-Pusula,Uusimaa,,60,29,"54,9",24,5,"14,5"
1088,yt1282_Ikkala_Opt,1282,2,4864,6713296,3340130,0,540,Nummi-Pusula,Uusimaa,,60,29,"54,9",24,5,"14,5"
1089,vt1_Kolmiranta_O,1,7,4030,6686000,3362000,0,49,Espoo,Uusimaa,,60,15,"42,9",24,30,"13,3"
1090,st101_Turvesuo_O,101,2,2600,6676820,3378530,0,49,Espoo,Uusimaa,,60,11,"5,5",24,48,"27,3"
1091,vt1_Lehmijärvi_O,1,22,3750,6689702,3342962,0,444,Lohja,Uusimaa,,60,17,"17,5",24,9,"26,4"
1092,st101_Mestarintunneli_R,101,4,300,6681000,3379270,0,49,Espoo,Uusimaa,,60,13,"21,2",24,49,"6,3"
1093,st101_Mestarintunneli_O,101,4,300,6681000,3379270,0,49,Espoo,Uusimaa,,60,13,"21,2",24,49,"6,3"
1094,st101_Mestarintunneli_O2,101,4,300,6681000,3379270,0,49,Espoo,Uusimaa,,60,13,"21,2",24,49,"6,3"
1095,st101_Mestarintunneli_O3,101,4,300,6681000,3379270,0,49,Espoo,Uusimaa,,60,13,"21,2",24,49,"6,3"
1096,st101_Vallikallio_R,101,4,1400,6681430,3379660,0,49,Espoo,Uusimaa,,60,13,"35,5",24,49,"30,7"
1097,st101_Vallikallio_O,101,4,1400,6681430,3379660,0,49,Espoo,Uusimaa,,60,13,"35,5",24,49,"30,7"
1098,st101_Vallikallio_Opt1,101,4,1401,6681430,3379660,0,49,Espoo,Uusimaa,,60,13,"35,5",24,49,"30,7"
1099,st101_Vallikallio_Opt2,101,4,1400,6681430,3379660,0,49,Espoo,Uusimaa,,60,13,"35,5",24,49,"30,7"
1100,vt25_Tammisaari_Opt,25,8,300,6657430,3299200,0,710,Raasepori,Uusimaa,,59,58,"47,4",23,23,"57,9"
2002,vt8_Ihode_R,8,114,200,6772752,3207500,29,631,Pyhäranta,Varsinais-Suomi,,60,57,"19,8",21,35,"39,5"
2003,vt8_Eurajoki_R,8,122,2000,6808200,3215800,40,51,Eurajoki,Satakunta,,61,16,"41,9",21,41,"37,8"
2004,st110_Tupuri_R,110,22,0,6702773,3292608,80,734,Salo,Varsinais-Suomi,,60,22,"57,6",23,14,"7,3"
2006,vt2_Seppälänahde_R,2,38,4500,6797200,3255700,48,271,Kokemäki,Satakunta,,61,12,25,22,26,"58,6"
2007,vt3_Ikaalinen_R,3,211,800,6860000,3289000,125,143,Ikaalinen,Pirkanmaa,,61,47,"18,6",22,59,45
2008,vt8_Mynämotelli_R,8,109,650,6747124,3223584,35,503,Mynämäki,Varsinais-Suomi,,60,44,"16,7",21,55,"35,4"
2009,vt8_Ahlainen_R,8,204,3490,6849220,3222650,29,537,Noormarkku,Satakunta,,61,38,"59,3",21,45,"34,7"
2010,vt3_Lamminkoski_R,3,218,3560,6896380,3291960,140,581,Parkano,Pirkanmaa,,62,6,"56,8",23,0,34
2011,vt9_Mellilä_R,9,112,3290,6748400,3275800,91,430,Loimaa,Varsinais-Suomi,,60,46,"55,8",22,52,"46,5"
2012,vt10_Koski_R,10,10,2363,6737500,3288800,86,284,Koski,Varsinais-Suomi,,60,41,30,23,7,46
2013,vt11_Sääkskoski_R,11,14,6575,6826400,3252400,90,293,Kullaa,Satakunta,,61,27,"57,7",22,20,"59,2"
2014,vt23_Hapua_R,23,106,5480,6863900,3251600,85,214,Kankaanpää,Satakunta,,61,48,"3,3",22,17,"2,1"
2015,kt40_Auranlaakso_R,40,5,1320,6715365,3245869,44,423,Lieto,Varsinais-Suomi,,60,28,"7,3",22,22,"28,3"
2016,kt41_Jokisivu_R,41,17,1225,6785700,3265900,60,102,Huittinen,Satakunta,,61,6,"36,9",22,39,"10,9"
2017,vt12_Kärppälä_R,12,120,6925,6812800,3292600,87,790,Sastamala,Pirkanmaa,,61,22,"4,5",23,7,"1,9"
2018,kt52_Perniö_R,52,7,660,6679700,3286400,23,586,Perniö,Varsinais-Suomi,,60,10,"22,2",23,8,"50,8"
2019,st180_Parainen_R,180,3,2600,6699000,3243000,0,573,Parainen,Varsinais-Suomi,,60,19,"13,8",22,20,"36,8"
2020,vt2_Kähkönen_R,2,2,3880,6836600,3214800,5,609,Pori,Satakunta,,61,31,"52,8",21,37,"54,4"
2021,vt8_Masku_R,8,104,200,6723215,3233400,45,481,Masku,Varsinais-Suomi,,60,31,"51,1",22,8,"17,3"
2022,st192_Vehmassalmi_R,192,7,2170,6735400,3212600,18,918,Vehmaa,Varsinais-Suomi,,60,37,"31,6",21,44,"35,4"
2023,st183_Taalintehdas_R,183,1,3400,6667600,3248700,13,40,Dragsfjärd,Varsinais-Suomi,,60,2,"35,2",22,29,"6,7"
2025,kt43_Kalanti_R,43,2,1212,6758340,3205473,20,895,Uusikaupunki,Varsinais-Suomi,,60,49,"30,9",21,34,"44,4"
2026,vt8_Kuvaskangas_R,8,212,1400,6889000,3216000,0,484,Merikarvia,Satakunta,,62,0,"1,2",21,34,"19,7"
2027,vt9_Aura_R,9,106,3045,6731194,3254461,54,19,Aura,Varsinais-Suomi,,60,36,"56,3",22,30,"38,3"
2028,vt10_Yliskulma_R,10,4,4743,6722676,3260049,40,423,Lieto,Varsinais-Suomi,,60,32,"34,1",22,37,"21,8"
2029,vt12_Eura_R,12,9,3500,6790700,3240700,52,50,Eura,Satakunta,,61,8,21,22,10,"49,6"
2030,kt40_Kärsämäki_R,40,4,0,6718960,3241150,0,853,Turku,Varsinais-Suomi,,60,29,"52,3",22,17,"3,7"
2031,vt9_Kärsämäki_O,9,102,0,6718960,3241145,0,853,Turku,Varsinais-Suomi,,60,29,"52,3",22,17,"3,4"
2032,st110_Korvenpää_R,110,26,0,6703256,3275998,0,734,Salo,Varsinais-Suomi,,60,22,"41,4",22,56,"3,8"
2033,st110_Kevola_R,110,28,0,6708162,3267177,0,577,Paimio,Varsinais-Suomi,,60,25,"1,5",22,46,"9,2"
2034,st180_Nauvo_R,180,11,3000,6684520,3211475,0,533,Nauvo,Varsinais-Suomi,,60,10,"11,6",21,47,"45,6"
2035,vt1_Kupittaa_R,1,36,0,6713185,3241859,0,1,Kotikuntaa vailla olevat,Varsinais-Suomi,,60,26,48,22,18,"16,9"
2036,vt1_Kupittaa_O,1,36,0,6713185,3241859,0,1,Kotikuntaa vailla olevat,Varsinais-Suomi,,60,26,48,22,18,"16,9"
2037,vt1_Kaarina_R,1,33,0,6710288,3247048,0,1,Kotikuntaa vailla olevat,Varsinais-Suomi,,60,25,"26,5",22,24,"8,4"
2038,vt1_Kaarina_O,1,33,0,6710288,3247048,0,1,Kotikuntaa vailla olevat,Varsinais-Suomi,,60,25,"26,5",22,24,"8,4"
2039,vt1_Piikkiö_R,1,31,0,6712212,3254499,0,1,Kotikuntaa vailla olevat,Varsinais-Suomi,,60,26,45,22,32,"5,4"
2040,vt1_Piikkiö_O,1,31,0,6712212,3254499,0,1,Kotikuntaa vailla olevat,Varsinais-Suomi,,60,26,45,22,32,"5,4"
2041,vt1_Paimio_R,1,29,1,6709206,3262483,0,577,Paimio,Varsinais-Suomi,,60,25,"25,3",22,40,"58,9"
2042,vt1_Paimio_O,1,29,2,6709206,3262483,0,577,Paimio,Varsinais-Suomi,,60,25,"25,3",22,40,"58,9"
2043,vt1_Pitkäporras_R,1,27,0,6709166,3271164,0,577,Paimio,Varsinais-Suomi,,60,25,"42,1",22,50,"24,9"
2044,vt1_Pitkäporras_O,1,27,0,6709166,3271164,0,1,Kotikuntaa vailla olevat,Varsinais-Suomi,,60,25,"42,1",22,50,"24,9"
2045,vt1_Hajala_R,1,26,0,6709481,3278301,0,1,Kotikuntaa vailla olevat,Varsinais-Suomi,,60,26,"6,6",22,58,"8,9"
2046,vt1_Hajala_O,1,26,0,6709481,3278301,0,1,Kotikuntaa vailla olevat,Varsinais-Suomi,,60,26,"6,6",22,58,"8,9"
2047,vt1_Halikko_R,1,25,0,6707038,3285728,0,1,Kotikuntaa vailla olevat,Varsinais-Suomi,,60,25,"2,2",23,6,"22,8"
2048,vt1_Halikko_O,1,25,0,6707038,3285728,0,1,Kotikuntaa vailla olevat,Varsinais-Suomi,,60,25,"2,2",23,6,"22,8"
2049,vt1_Haukkala_R,1,22,22,6705601,3291438,0,1,Kotikuntaa vailla olevat,Varsinais-Suomi,,60,24,"26,7",23,12,"40,4"
2050,vt1_Haukkala_O,1,22,22,6705601,3291438,0,1,Kotikuntaa vailla olevat,Varsinais-Suomi,,60,24,"26,7",23,12,"40,4"
2052,Åland_Eckero_K,99999,,1,6700320,3088540,0,1,Kotikuntaa vailla olevat,Varsinais-Suomi,"Åland, Eckerö",60,12,"19,7",19,33,"59,4"
2054,Åland_Åva_K,99999,,2,6718200,3174160,0,1,Kotikuntaa vailla olevat,Varsinais-Suomi,"Åland, Åva",60,26,"33,2",21,4,"22,3"
2055,vt1_Isokylän_Tun_R,1,24,1,6707011,3288526,0,734,Salo,Varsinais-Suomi,,60,25,"6,7",23,9,"25,3"
2056,vt1_Isokylän_Tun_O1,1,24,2,6707011,3288526,0,734,Salo,Varsinais-Suomi,,60,25,"6,7",23,9,"25,3"
2057,vt1_Isokylän_Tun_O2,1,24,3,6707011,3288526,0,734,Salo,Varsinais-Suomi,,60,25,"6,7",23,9,"25,3"
2058,vt1_Isokylän_Tun_O3,1,24,4,6707011,3288526,0,734,Salo,Varsinais-Suomi,,60,25,"6,7",23,9,"25,3"
2059,vt1_Muurla_R,1,22,11,6703263,3295763,0,734,Salo,Varsinais-Suomi,,60,23,"19,2",23,17,31
2060,vt1_Muurla_O,1,22,11,6703263,3295763,0,734,Salo,Varsinais-Suomi,,60,23,"19,2",23,17,31
2061,st110_Kettulanmäki_R,110,17,2600,6701016,3320883,0,776,Suomusjärvi,Varsinais-Suomi,,60,22,"49,6",23,44,"55,4"
2062,st110_Kolmperä_R,110,18,1250,6700311,3316173,0,776,Suomusjärvi,Varsinais-Suomi,,60,22,"19,2",23,39,"50,8"
2063,st110_Aneriojärvi_R,110,19,3950,6701549,3311353,0,776,Suomusjärvi,Varsinais-Suomi,,60,22,"51,2",23,34,"32,7"
2065,st110_Saha_R,110,21,120,6700731,3302250,0,587,Pertteli,Varsinais-Suomi,,60,22,"9,2",23,24,"42,6"
2085,vt1_Paimio_O2,1,29,3,6709206,3262483,0,577,Paimio,Varsinais-Suomi,,60,25,"25,3",22,40,"58,9"
2087,vt10_Lieto_R,10,2,4689,6718499,3248882,220,423,Lieto,Varsinais-Suomi,,60,29,55,22,25,"30,6"
2088,st180_Kirjalansalmi_R,180,1,7180,6704180,3244200,0,202,Kaarina,Varsinais-Suomi,Sillan Kaarinan puoleinen pää,60,22,"3,3",22,21,31
2089,vt10_Lieto_Opt_12,10,2,4689,6718499,3248882,220,423,Lieto,Varsinais-Suomi,,60,29,55,22,25,"30,6"
2090,vt8_Rauma_Opt,8,119,3850,6795150,3208800,0,684,Rauma,Satakunta,,61,9,"23,7",21,35,"2,5"
3001,vt7_Karhunkangas_R,7,31,1615,6714910,3499420,0,285,Kotka,Kymenlaakso,,60,32,"41,5",26,59,"10,8"
3002,vt7_Summa_R,7,32,4500,6717650,3504300,0,285,Kotka,Kymenlaakso,,60,34,"9,9",27,4,"31,2"
3003,kt62_Puumala_R,62,15,5000,6821000,3567000,0,623,Puumala,Etelä-Savo,,61,29,"28,2",28,15,"16,5"
3004,vt5_Mikkeli_R,5,128,800,6841145,3513564,0,491,Mikkeli,Etelä-Savo,,61,40,"38,9",27,15,"10,6"
3005,vt14_Kulennoinen_R,14,20,1127,6860000,3617000,0,618,Punkaharju,Etelä-Savo,,61,49,"44,5",29,13,"3,1"
3007,vt7_Mokra_R,7,27,1900,6709441,3489523,0,285,Kotka,Kymenlaakso,,60,29,"44,3",26,48,"22,7"
3008,vt7_PKarhula_R,7,29,2600,6711700,3496380,0,285,Kotka,Kymenlaakso,,60,30,"57,7",26,55,"51,6"
3010,vt7_EKarhula_R,7,29,2600,6711700,3496380,0,285,Kotka,Kymenlaakso,,60,30,"57,7",26,55,"51,6"
3011,vt15_Tuohikotti_R,15,15,705,6773904,3503358,0,286,Kouvola,Kymenlaakso,,61,4,"27,4",27,3,"32,6"
3012,vt13_Karhusjärvi_R,13,239,4759,6770675,3573855,0,405,Lappeenranta,Etelä-Karjala,,61,2,"18,4",28,21,"48,7"
3013,vt26_Ruissalo_R,26,1,985,6719010,3507730,0,75,Hamina,Kymenlaakso,,60,34,"53,7",27,8,"16,5"
3014,vt15_Kotkansaari_R,15,1,0,6705860,3495640,0,285,Kotka,Kymenlaakso,,60,27,49,26,55,"3,6"
3015,vt15_Kotkansaari_O1,15,1,1,6705860,3495640,0,285,Kotka,Kymenlaakso,,60,27,49,26,55,"3,6"
3016,vt15_Kotkansaari_O2,15,1,2,6705860,3495640,0,285,Kotka,Kymenlaakso,,60,27,49,26,55,"3,6"
3022,vt5_Kuortti_R,5,116,6696,6810289,3467387,0,588,Pertunmaa,Etelä-Savo,,61,23,"57,9",26,23,11
3023,vt7_Karhunkangas_O,7,31,1615,6714910,3499420,0,285,Kotka,Kymenlaakso,,60,32,"41,5",26,59,"10,8"
3024,vt7_Summa_O,7,32,4500,6717650,3504300,0,285,Kotka,Kymenlaakso,,60,34,"9,9",27,4,"31,2"
3026,vt7_Mokra_Opt,7,27,1900,6709441,3489523,0,285,Kotka,Kymenlaakso,,60,29,"44,3",26,48,"22,7"
3027,vt26_Ruissalo_Opt,26,1,985,6719010,3507730,0,75,Hamina,Kymenlaakso,,60,34,"53,7",27,8,"16,5"
3029,vt7_Karhunkangas_Opt1,7,31,1615,6714910,3499420,0,285,Kotka,Kymenlaakso,,60,32,"41,5",26,59,"10,8"
3030,vt7_Karhunkangas_Opt2,7,31,1616,6714910,3499420,0,285,Kotka,Kymenlaakso,,60,32,"41,5",26,59,"10,8"
3031,st408_Saimaanharju_K,408,2,5025,6781345,3558815,0,831,Taipalsaari,Etelä-Karjala,,61,8,"12,1",28,5,"18,9"
3032,kt62_Anttola_K,62,4,6211,6831331,3533234,0,491,Mikkeli,Etelä-Savo,,61,35,"17,6",27,37,"21,5"
3033,vt14_Kyrönsalmen_silta_Opt,14,15,1342,6864037,3600545,0,740,Savonlinna,Etelä-Savo,,61,52,"11,6",28,54,"27,6"
3034,vt7_Lelu_R,7,36,4756,6717481,3519493,0,75,Hamina,Kymenlaakso,,60,34,"2,9",27,21,"8,5"
3035,vt7_Lelu_Opt,7,36,4756,6717481,3519493,0,75,Hamina,Kymenlaakso,,60,34,"2,9",27,21,"8,5"
3036,vt6_Kärki_R,6,216,1351,6770245,3561037,0,405,Lappeenranta,Etelä-Karjala,,61,2,"12,4",28,7,"34,6"
3037,vt6_Kärki_O,6,216,1351,6770245,3561037,0,405,Lappeenranta,Etelä-Karjala,,61,2,"12,4",28,7,"34,6"
3038,vt6_Kärki_Opt1,6,216,1351,6770245,3561037,0,405,Lappeenranta,Etelä-Karjala,,61,2,"12,4",28,7,"34,6"
3039,vt6_Kärki_Opt2,6,216,1352,6770245,3561037,0,405,Lappeenranta,Etelä-Karjala,,61,2,"12,4",28,7,"34,6"
3040,vt6_Lappeenranta_O,6,303,1081,6774334,3570888,0,405,Lappeenranta,Etelä-Karjala,,61,4,"18,5",28,18,36
3041,vt6_Lappeenranta_Opt1,6,303,1081,6774334,3570888,0,405,Lappeenranta,Etelä-Karjala,,61,4,"18,5",28,18,36
3042,vt6_Lappeenranta_Opt2,6,303,1082,6774334,3570888,0,405,Lappeenranta,Etelä-Karjala,,61,4,"18,5",28,18,36
4001,vt4_Lahti_R,4,119,3562,6756000,3424672,70,398,Lahti,Päijät-Häme,,60,54,"23,1",25,36,"31,3"
4002,vt24_Asikkala_R,24,8,2080,6791320,3411760,125,16,Asikkala,Päijät-Häme,,61,13,"14,1",25,21,"16,2"
4003,vt2_Humppila_R,2,28,400,6765000,3301000,100,103,Humppila,Kanta-Häme,,60,56,"39,2",23,19,"26,8"
4004,vt3_Hämeenlinna_R,3,115,6553,6764260,3363640,120,109,Hämeenlinna,Kanta-Häme,,60,57,51,24,28,"44,8"
4005,vt11_Nokia_R,11,4,702,6826740,3309870,155,536,Nokia,Pirkanmaa,,61,30,"5,7",23,25,"30,7"
4006,vt3_Lempäälä_Kulju_R,3,134,4070,6815420,3327435,130,418,Lempäälä,Pirkanmaa,,61,24,"30,3",23,45,"54,1"
4007,st130_Sääksmäki_R,130,19,3070,6787350,3341789,90,908,Valkeakoski,Pirkanmaa,,61,9,"46,7",24,3,"25,5"
4008,vt10_Tammela_R,10,20,5100,6750000,3337000,140,834,Tammela,Kanta-Häme,,60,49,"34,6",24,0,0
4009,vt3_Riihimäki_R,3,110,4600,6735000,3376630,100,694,Riihimäki,Kanta-Häme,,60,42,"21,8",24,44,"14,5"
4010,vt12_Hämeenkoski_R,12,219,4751,6768000,3404000,130,283,Hämeenkoski,Päijät-Häme,,61,0,"34,5",25,13,19
4011,vt12_Hauho_R,12,213,1450,6785610,3375385,100,109,Hämeenlinna,Kanta-Häme,,61,9,"34,2",24,40,"54,5"
4012,vt12_Pälkäne_R,12,207,3350,6803305,3355060,105,635,Pälkäne,Pirkanmaa,,61,18,40,24,17,"27,8"
4013,vt9_Orivesi_R,9,209,5414,6840660,3352806,150,562,Orivesi,Pirkanmaa,,61,38,"42,3",24,13,"9,5"
4015,kt66_Ruovesi_R,66,9,5000,6883000,3344000,120,702,Ruovesi,Pirkanmaa,,62,1,"15,7",24,1,"0,3"
4016,vt23_Virrat_R,23,209,1460,6908000,3334000,130,936,Virrat,Pirkanmaa,,62,14,"26,7",23,48,"9,1"
4017,vt12_Tampere_R,12,202,1633,6825000,3335000,120,837,Tampere,Pirkanmaa,,61,29,"51,2",23,53,"52,6"
4020,vt12_Tre_Paasikiventie_R,12,127,485,6826650,3324500,100,837,Tampere,Pirkanmaa,,61,30,"27,7",23,41,"58,3"
4021,vt9_Kylmäkoski_R,9,122,7242,6783000,3319000,100,310,Kylmäkoski,Pirkanmaa,,61,6,"50,9",23,38,"18,9"
4022,kt54_Hausjärvi_R,54,14,3820,6747000,3394000,105,86,Hausjärvi,Kanta-Häme,,60,49,"7,2",25,2,"55,4"
4023,kt58_Mänttä_R,58,16,1010,6876000,3375000,105,508,Mänttä-Vilppula,Pirkanmaa,,61,58,"11,3",24,36,"47,4"
4024,vt3_Ylöjärvi_R,3,203,5860,6835000,3313000,155,980,Ylöjärvi,Pirkanmaa,,61,34,"37,5",23,28,"31,7"
4025,vt12_Lahti_R,12,222,4120,6764000,3425000,140,398,Lahti,Päijät-Häme,,60,58,"41,7",25,36,"41,8"
4027,vt3_Lempäälä_Lippo_R,3,124,3410,6798188,3330400,0,418,Lempäälä,Pirkanmaa,,61,15,"19,1",23,50,"9,9"
4028,vt3_Jutikkala_R,3,121,483,6784770,3342176,0,908,Valkeakoski,Pirkanmaa,,61,8,24,24,3,"59,1"
4029,vt3_Pirkkala_R,3,137,245,6820692,3320805,0,604,Pirkkala,Pirkanmaa,,61,27,"9,5",23,38,"9,7"
4030,vt9_Suinula_R,9,208,1540,6830390,3344510,0,211,Kangasala,Pirkanmaa,,61,32,"59,2",24,4,"18,2"
4031,vt9_Leppähammas_R,9,212,10580,6847197,3366674,0,562,Orivesi,Pirkanmaa,,61,42,"31,5",24,28,"33,2"
4032,vt9_Solttila_R,9,214,3029,6849267,3379098,0,562,Orivesi,Pirkanmaa,,61,43,"53,2",24,42,"33,1"
4034,vt9_Suinula_Opt,9,208,1540,6830390,3344510,0,211,Kangasala,Pirkanmaa,,61,32,"59,2",24,4,"18,2"
4035,vt9_Orivesi_Opt,9,209,5414,6840660,3352806,150,562,Orivesi,Pirkanmaa,,61,38,"42,3",24,13,"9,5"
4036,vt24_Asikkala_Opt,24,8,2080,6791320,3411760,125,16,Asikkala,Päijät-Häme,,61,13,"14,1",25,21,"16,2"
4037,vt3_Hämeenlinna_Opt,3,115,6553,6764260,3363640,120,109,Hämeenlinna,Kanta-Häme,,60,57,51,24,28,"44,8"
4038,vt3_Riihimäki_Opt,3,110,4600,6735000,3376630,100,694,Riihimäki,Kanta-Häme,,60,42,"21,8",24,44,"14,5"
4039,kt54_Hausjärvi_Opt,54,14,3820,6747000,3394000,105,86,Hausjärvi,Kanta-Häme,,60,49,"7,2",25,2,"55,4"
4040,vt3_Ylöjärvi_Opt,3,203,5860,6835000,3313000,155,980,Ylöjärvi,Pirkanmaa,,61,34,"37,5",23,28,"31,7"
4041,vt12_Lahti_Opt,12,222,4120,6764000,3425000,140,398,Lahti,Päijät-Häme,,60,58,"41,7",25,36,"41,8"
4042,vt9_Solttila_Opt,9,214,3029,6849267,3379098,0,562,Orivesi,Pirkanmaa,,61,43,"53,2",24,42,"33,1"
4043,vt3_Ikaalinen_Opt,3,211,800,6860000,3289000,125,143,Ikaalinen,Pirkanmaa,,61,47,"18,6",22,59,45
4044,vt12_Kärppälä_Opt,12,120,6925,6812800,3292600,87,790,Sastamala,Pirkanmaa,,61,22,"4,5",23,7,"1,9"
4045,vt4_Vierumäki_Opt,4,205,1801,6776000,3441000,0,111,Heinola,Päijät-Häme,,61,5,"19,2",25,54,"12,1"
4046,vt4_Onkiniemi_Opt,4,213,2030,6811000,3449200,0,781,Sysmä,Päijät-Häme,,61,24,"13,9",26,2,45
4047,vt2_Humppila_Opt,2,28,400,6765000,3301000,100,103,Humppila,Kanta-Häme,,60,56,"39,2",23,19,"26,8"
4048,vt3_Jutikkala_Opt,3,121,483,6784770,3342176,0,908,Valkeakoski,Pirkanmaa,,61,8,24,24,3,"59,1"
4049,vt3_Lempäälä_Lippo_Opt,3,124,3410,6798188,3330400,0,418,Lempäälä,Pirkanmaa,,61,15,"19,1",23,50,"9,9"
4050,vt3_Lempäälä_Kulju_Opt,3,134,4070,6815420,3327435,130,418,Lempäälä,Pirkanmaa,,61,24,"30,3",23,45,"54,1"
4051,vt3_Lamminkoski_Opt,3,218,3560,6896380,3291960,140,581,Parkano,Pirkanmaa,,62,6,"56,8",23,0,34
4052,vt4_Lahti_Opt,4,119,3562,6756000,3424672,70,398,Lahti,Päijät-Häme,,60,54,"23,1",25,36,"31,3"
4053,vt9_Kylmäkoski_Opt,9,122,7242,6783000,3319000,100,310,Kylmäkoski,Pirkanmaa,,61,6,"50,9",23,38,"18,9"
4055,vt10_Tammela_Opt,10,20,5100,6750000,3337000,140,834,Tammela,Kanta-Häme,,60,49,"34,6",24,0,0
4056,vt11_Nokia_Opt,11,4,702,6826740,3309870,155,536,Nokia,Pirkanmaa,,61,30,"5,7",23,25,"30,7"
4057,vt12_Tre_Paasikiventie_Opt,12,127,485,6826650,3324500,100,837,Tampere,Pirkanmaa,,61,30,"27,7",23,41,"58,3"
4058,vt12_Tampere_Opt,12,202,1633,6825000,3335000,120,837,Tampere,Pirkanmaa,,61,29,"51,2",23,53,"52,6"
4059,vt12_Pälkäne_Opt,12,207,3350,6803305,3355060,105,635,Pälkäne,Pirkanmaa,,61,18,40,24,17,"27,8"
4060,vt12_Hauho_Opt,12,213,1450,6785610,3375385,100,109,Hämeenlinna,Kanta-Häme,,61,9,"34,2",24,40,"54,5"
4061,vt12_Hämeenkoski_Opt,12,219,4751,6768000,3404000,130,283,Hämeenkoski,Päijät-Häme,,61,0,"34,5",25,13,19
4062,kt66_Ruovesi_Opt,66,9,5000,6883000,3344000,120,702,Ruovesi,Pirkanmaa,,62,1,"15,7",24,1,"0,3"
4063,vt3_Pirkkala_Opt_12,3,137,245,6820692,3320805,0,604,Pirkkala,Pirkanmaa,,61,27,"9,5",23,38,"9,7"
4064,yt3495_Rautaharkko_R,3495,1,1000,6823075,3328309,0,837,Tampere,Pirkanmaa,,61,28,"35,7",23,46,"6,8"
4065,yt3495_Rautaharkko_Opt,3495,1,1000,6823075,3328309,0,837,Tampere,Pirkanmaa,,61,28,"35,7",23,46,"6,8"
5001,vt6_Elimäki_R,6,127,650,6741800,3472540,0,286,Kouvola,Kymenlaakso,,60,47,"6,8",26,29,34
5004,vt6_Imatra_R,6,311,2346,6793693,3600419,0,153,Imatra,Etelä-Karjala,,61,14,"20,6",28,52,"1,2"
5005,vt6_Parikkala_R,6,325,607,6840600,3637230,0,580,Parikkala,Etelä-Karjala,,61,38,"54,2",29,35,"11,2"
5006,vt13_Kauriansalmi_R,13,229,1771,6800000,3521250,0,775,Suomenniemi,Etelä-Karjala,,61,18,"28,5",27,23,"36,3"
5007,vt6_Taavetti_R,6,210,1914,6758467,3535946,0,441,Luumäki,Etelä-Karjala,,60,56,"2,9",27,39,"35,4"
5008,vt6_Lappeenranta_R,6,303,1081,6774334,3570888,0,405,Lappeenranta,Etelä-Karjala,,61,4,"18,5",28,18,36
5009,vt12_Mankala_R,12,229,1250,6756000,3456000,0,142,Iitti,Kymenlaakso,,60,54,"40,2",26,11,"9,3"
5010,vt7_Pyhtään_Kk_R,7,23,5266,6708610,3481000,0,624,Pyhtää,Kymenlaakso,,60,29,"16,3",26,39,"4,7"
5011,vt7_Virojoki_R,7,41,977,6719801,3539897,0,935,Virolahti,Kymenlaakso,,60,35,"12,4",27,43,"29,4"
5012,vt15_Juurikorpi_R,15,3,3000,6723838,3495871,0,286,Kouvola,Kymenlaakso,,60,37,"29,9",26,55,"17,3"
5013,vt26_Pyhältö_R,26,7,3875,6740870,3519240,0,75,Hamina,Kymenlaakso,,60,46,"38,6",27,21,0
5014,st387_Ylämaa_R,387,7,3433,6739838,3553595,0,978,Ylämaa,Etelä-Karjala,,60,45,54,27,58,"48,7"
5015,vt13_Savitaipale_R,13,235,1692,6784672,3540305,0,739,Savitaipale,Etelä-Karjala,,61,10,8,27,44,"44,6"
5016,vt6_Utti_R,6,202,2920,6753000,3492500,0,286,Kouvola,Kymenlaakso,,60,53,"11,9",26,51,"31,5"
5019,vt6_Utti_Opt,6,202,2920,6753000,3492500,0,286,Kouvola,Kymenlaakso,,60,53,"11,9",26,51,"31,5"
5020,vt6_Imatra_Opt,6,311,2346,6793693,3600419,0,153,Imatra,Etelä-Karjala,,61,14,"20,6",28,52,"1,2"
5021,vt6_Taavetti_Opt,6,210,1914,6758467,3535946,0,441,Luumäki,Etelä-Karjala,,60,56,"2,9",27,39,"35,4"
5022,vt13_Kauriansalmi_Opt,13,229,1771,6800000,3521250,0,775,Suomenniemi,Etelä-Karjala,,61,18,"28,5",27,23,"36,3"
5023,vt15_Juurikorpi_Opt,15,3,3000,6723838,3495871,0,286,Kouvola,Kymenlaakso,,60,37,"29,9",26,55,"17,3"
5024,vt13_Savitaipale_Opt,13,235,1692,6785000,3540040,0,739,Savitaipale,Etelä-Karjala,,61,10,"18,7",27,44,"27,2"
5025,vt26_Pyhältö_Opt,26,7,3875,6740870,3519240,0,75,Hamina,Kymenlaakso,,60,46,"38,6",27,21,0
5026,vt6_Imatra_O,6,311,2346,6793693,3600419,0,153,Imatra,Etelä-Karjala,,61,14,"20,6",28,52,"1,2"
6001,vt4_Vierumäki_R,4,205,1801,6776000,3441000,0,111,Heinola,Päijät-Häme,,61,5,"19,2",25,54,"12,1"
6002,vt5_Toivola_R,5,119,5800,6815800,3484130,0,507,Mäntyharju,Etelä-Savo,,61,26,"59,8",26,41,"57,4"
6003,vt5_Nuutilanmäki_R,5,134,2000,6857016,3533290,0,178,Juva,Etelä-Savo,,61,49,"7,3",27,37,42
6004,vt4_Onkiniemi_R,4,213,2030,6811000,3449200,0,781,Sysmä,Päijät-Häme,,61,24,"13,9",26,2,45
6005,vt5_Puunkolo_R,5,140,3250,6883940,3542530,0,171,Joroinen,Etelä-Savo,,62,3,"33,6",27,48,36
6006,vt14_Parkumäki_R,14,10,1500,6871341,3580385,0,681,Rantasalmi,Etelä-Savo,,61,56,"24,7",28,31,"40,7"
6007,vt15_Tommola_R,15,21,1600,6797000,3509000,0,507,Mäntyharju,Etelä-Savo,,61,16,"53,3",27,9,"52,7"
6008,vt23_Suurmäki_R,23,414,1100,6938000,3599000,0,90,Heinävesi,Etelä-Savo,,62,32,"0,9",28,55,"11,9"
6009,vt23_Siikamäki_R,23,314,2400,6909537,3520857,0,593,Pieksämäki,Etelä-Savo,,62,17,"26,9",27,23,"54,9"
6010,vt13_Läsänkoski_R,13,213,1002,6864200,3498000,0,491,Mikkeli,Etelä-Savo,,61,53,"4,5",26,57,"31,4"
6011,st435_Sulkava_K,435,5,1395,6855407,3569707,90,768,Sulkava,Etelä-Savo,,61,47,"57,7",28,19,"6,5"
6012,vt5_Mikkeli_Opt,5,128,800,6841145,3513564,0,491,Mikkeli,Etelä-Savo,,61,40,"38,9",27,15,"10,6"
6013,vt5_Kuortti_Opt,5,116,6696,6810289,3467387,0,588,Pertunmaa,Etelä-Savo,,61,23,"57,9",26,23,11
6014,vt5_Nuutilanmäki_Opt,5,134,2000,6857016,3533290,0,178,Juva,Etelä-Savo,,61,49,"7,3",27,37,42
6015,vt5_Puunkolo_Opt,5,140,3250,6883940,3542530,0,171,Joroinen,Etelä-Savo,,62,3,"33,6",27,48,36
6016,vt23_Lamminpää_K,23,410,0,6936324,3575565,100,90,Heinävesi,Etelä-Savo,,62,31,"26,6",28,27,51
6017,vt14_Kulennoinen_Opt_02,14,20,1127,6860000,3617000,0,618,Punkaharju,Etelä-Savo,,61,49,"44,5",29,13,"3,1"
6018,vt15_Tommola_Opt_02,15,21,1600,6797000,3509000,0,507,Mäntyharju,Etelä-Savo,,61,16,"53,3",27,9,"52,7"
6019,vt14_Kyrönsalmen_silta_Opt2,14,15,1342,6864037,3600545,0,740,Savonlinna,Etelä-Savo,,61,52,"11,6",28,54,"27,6"
6020,vt5_Toivola_Opt_02,5,119,5800,6815800,3484130,0,507,Mäntyharju,Etelä-Savo,,61,26,"59,8",26,41,"57,4"
7001,vt6_Lehmo_R,6,401,5260,6952000,3642900,93,276,Kontiolahti,Pohjois-Karjala,,62,38,"41,1",29,47,"0,7"
7002,vt6_Kesälahti_R,6,329,6595,6857500,3644200,100,248,Kesälahti,Pohjois-Karjala,,61,47,"50,3",29,43,"52,3"
7003,vt9_Liperi_R,9,345,140,6952700,3610300,95,426,Liperi,Pohjois-Karjala,,62,39,"43,9",29,8,"55,8"
7004,kt73_Lieksa_R,73,15,6650,7013310,3658570,165,422,Lieksa,Pohjois-Karjala,,63,11,"15,3",30,8,"49,3"
7005,vt6_Tohmajärvi_R,6,341,1265,6907500,3661500,111,848,Tohmajärvi,Pohjois-Karjala,,62,14,"18,3",30,6,"14,5"
7006,vt6_Juuka_R,6,412,8455,7014740,3615940,108,176,Juuka,Pohjois-Karjala,,63,12,"59,9",29,18,"7,4"
7007,vt6_Nurmes_R,6,420,4290,7060000,3594900,112,911,Valtimo,Pohjois-Karjala,,63,37,43,28,54,"38,9"
7008,kt74_Ilomantsi_R,74,11,4460,6947500,3690400,190,146,Ilomantsi,Pohjois-Karjala,,62,34,"58,9",30,42,"10,2"
7009,vt9_Ylämylly_R,9,351,3540,6950028,3633775,102,426,Liperi,Pohjois-Karjala,,62,37,"49,8",29,36,"15,3"
7010,st502_Ylämylly_O_S,502,1,350,6950274,3633730,107,426,Liperi,Pohjois-Karjala,,62,37,"57,8",29,36,"12,8"
7011,vt9_Värtsilä_R,9,360,4645,6901977,3683759,89,848,Tohmajärvi,Pohjois-Karjala,,62,10,"43,4",30,31,"32,2"
7012,vt9_Käsämä_R,9,348,1635,6949736,3620260,90,426,Liperi,Pohjois-Karjala,,62,37,"57,1",29,20,"27,2"
7013,vt9_Käsämä_O,9,348,1635,6949736,3620260,90,426,Liperi,Pohjois-Karjala,,62,37,"57,1",29,20,"27,2"
7014,vt6_Tikkala_R,6,345,1147,6925550,3659916,80,167,Joensuu,Pohjois-Karjala,,62,24,"2,9",30,5,"24,6"
7015,kt73_Louhioja_R,73,4,3838,6969708,3658307,97,167,Joensuu,Pohjois-Karjala,,62,47,"49,6",30,6,"0,3"
7016,st522_Hattuvaara_K,552,7,3838,6987939,3717350,206,146,Ilomantsi,Pohjois-Karjala,,62,55,48,31,16,"40,7"
7017,kt71_Väärämäki_K,71,8,4723,6885851,3636724,96,248,Kesälahti,Pohjois-Karjala,,62,3,"15,1",29,36,"40,3"
7018,vt6_Joensuu_R,6,350,2081,6948594,3642910,81,167,Joensuu,Pohjois-Karjala,,62,36,"51,2",29,46,"51,1"
7019,kt75_Mujejärvi_R,75,28,7518,7082704,3621150,249,541,Nurmes,Pohjois-Karjala,,63,49,"26,7",29,27,"26,6"
7020,vt6_Tikkala_Opt,6,345,1147,6925550,3659916,80,167,Joensuu,Pohjois-Karjala,,62,24,"2,9",30,5,"24,6"
7021,vt6_Lehmo_Opt,6,401,5260,6952000,3642900,93,276,Kontiolahti,Pohjois-Karjala,,62,38,"41,1",29,47,"0,7"
7022,vt9_Ylämylly_Opt,9,351,3540,6950028,3633775,102,426,Liperi,Pohjois-Karjala,,62,37,"49,8",29,36,"15,3"
7023,vt9_Liperi_Opt,9,345,140,6952700,3610300,95,426,Liperi,Pohjois-Karjala,,62,39,"43,9",29,8,"55,8"
7024,st524_Nurmijärvi_K,524,5,1541,7050367,3649198,129,422,Lieksa,Pohjois-Karjala,,63,31,"24,9",29,59,"43,9"
7025,st522_Hatunkylä_K,522,19,4245,7025012,3677360,172,422,Lieksa,Pohjois-Karjala,,63,17,"1,1",30,31,"56,4"
7026,st500_Hoilola_K,500,7,1760,6921508,3699545,129,167,Joensuu,Pohjois-Karjala,,62,20,"43,9",30,51,"0,9"
7027,vt9_Käsämä_Opt,9,348,1635,6949736,3620260,90,426,Liperi,Pohjois-Karjala,,62,37,"57,1",29,20,"27,2"
7028,kt73_Louhioja_Opt,73,4,3838,6969708,3658307,97,167,Joensuu,Pohjois-Karjala,,62,47,"49,6",30,6,"0,3"
7029,vt6_Joensuu_Opt_01,6,350,2081,6948594,3642910,81,167,Joensuu,Pohjois-Karjala,,62,36,"51,2",29,46,"51,1"
7030,vt6_Joensuu_Opt_02,6,350,2081,6948594,3642910,81,167,Joensuu,Pohjois-Karjala,,62,36,"51,2",29,46,"51,1"
7031,vt6_Kousa_Opt,6,334,6475,6877528,3650533,89,248,Kesälahti,Pohjois-Karjala,,61,58,"27,7",29,52,"4,3"
7032,kt73_Vieki_K,73,25,4040,7044120,3630930,100,422,Lieksa,Pohjois-Karjala,,63,28,"29,3",29,37,"25,2"
8001,vt5_Kuopio_E_R,5,159,470,6970960,3531090,110,297,Kuopio,Pohjois-Savo,,62,50,"28,2",27,36,"24,7"
8002,vt5_Leppävirta_R,5,148,2320,6920000,3542000,97,420,Leppävirta,Pohjois-Savo,,62,22,"58,5",27,48,"30,5"
8003,vt5_Lapinlahti_R,5,212,460,7023100,3522800,90,402,Lapinlahti,Pohjois-Savo,,63,18,"34,4",27,27,"4,8"
8004,vt5_Iisalmi_R,5,219,5700,7062800,3514300,187,140,Iisalmi,Pohjois-Savo,,63,39,"58,1",27,17,"7,2"
8005,vt5_Siilinjärvi_R,5,205,4945,6995700,3533800,110,749,Siilinjärvi,Pohjois-Savo,,63,3,"46,4",27,39,"54,3"
8006,vt9_Tuusjärvi_R,9,333,5960,6974500,3568600,105,857,Tuusniemi,Pohjois-Savo,,62,52,"4,2",28,20,"39,8"
8007,kt77_Pielavesi_R,77,27,1000,7014400,3497600,158,595,Pielavesi,Pohjois-Savo,,63,13,"55,9",26,56,"55,8"
8008,kt75_Nilsiä_R,75,6,2750,7006500,3553400,160,534,Nilsiä,Pohjois-Savo,,63,9,"26,7",28,3,"22,2"
8009,vt9_Suonenjoki_R,9,318,4050,6942300,3502700,106,778,Suonenjoki,Pohjois-Savo,,62,35,"7,2",27,2,"57,2"
8010,vt27_Kiuruvesi_R,27,25,3000,7057000,3492400,132,140,Iisalmi,Pohjois-Savo,,63,36,"51,5",26,50,36
8011,vt9_Vartiala_R,9,330,6603,6981318,3553136,116,297,Kuopio,Pohjois-Savo,,62,55,"53,6",28,2,"34,1"
8012,vt9_Jännevirta_R,9,329,2367,6984148,3543899,88,297,Kuopio,Pohjois-Savo,,62,57,"29,4",27,51,"42,2"
8013,vt5_Kuopio_P_R,5,202,515,6982280,3533986,67,297,Kuopio,Pohjois-Savo,,62,56,"32,9",27,39,"57,6"
8014,vt9_Vehmasmäki_R,9,325,5000,6958282,3528496,132,297,Kuopio,Pohjois-Savo,,62,43,"39,5",27,33,"13,8"
8015,vt9_Vartiala_O,9,330,6603,6981318,3553136,116,297,Kuopio,Pohjois-Savo,,62,55,"53,6",28,2,"34,1"
8016,vt9_Jännevirta_O,9,329,2367,6984148,3543899,88,297,Kuopio,Pohjois-Savo,,62,57,"29,4",27,51,"42,2"
8017,kt88_Isomäki_K,88,25,50,7090154,3486891,189,925,Vieremä,Pohjois-Savo,,63,54,"41,5",26,43,46
8018,kt87_Koirakoski_K,87,8,2568,7056390,3539899,120,762,Sonkajärvi,Pohjois-Savo,,63,36,24,27,48,"2,4"
8019,st551_Vesanto_K,551,15,1767,6980551,3469138,112,921,Vesanto,Pohjois-Savo,,62,55,"37,9",26,23,"20,7"
8020,vt5_Siikalahti_R,5,160,78,6975875,3532562,115,297,Kuopio,Pohjois-Savo,,62,53,"6,5",27,38,"12,2"
8021,vt5_Siikalahti_O_S,5,160,78,6975875,3532562,115,297,Kuopio,Pohjois-Savo,,62,53,"6,5",27,38,"12,2"
8022,vt5_Kuopio_P_Opt1,5,202,515,6982280,3533986,87,297,Kuopio,Pohjois-Savo,,62,56,"32,9",27,39,"57,6"
8023,vt5_Oravikoski_R,5,154,791,6942922,3531256,92,420,Leppävirta,Pohjois-Savo,,62,35,"22,6",27,36,"17,9"
8024,vt9_Vehmasmäki_Opt,9,325,5000,6958282,3528496,132,297,Kuopio,Pohjois-Savo,,62,43,"39,5",27,33,"13,8"
8025,vt5_Siikalahti_Opt,5,160,78,6975875,3532562,115,297,Kuopio,Pohjois-Savo,,62,53,"6,5",27,38,"12,2"
8026,vt5_Kuopio_P_Opt2,5,202,516,6982280,3533986,87,297,Kuopio,Pohjois-Savo,,62,56,"32,9",27,39,"57,6"
8027,vt5_Kuopio_P_Opt3,5,202,517,6982280,3533986,87,297,Kuopio,Pohjois-Savo,,62,56,"32,9",27,39,"57,6"
8028,vt5_Kuopio_P_Opt4,5,202,518,6982280,3533986,87,297,Kuopio,Pohjois-Savo,,62,56,"32,9",27,39,"57,6"
8029,vt5_Leppävirta_Opt,5,148,2320,6920000,3542000,97,420,Leppävirta,Pohjois-Savo,,62,22,"58,5",27,48,"30,5"
8030,vt5_Siilinjärvi_Opt,5,205,4945,6995700,3533800,110,749,Siilinjärvi,Pohjois-Savo,,63,3,"46,4",27,39,"54,3"
8031,vt9_Tuusjärvi_Opt,9,333,5960,6974500,3568600,105,857,Tuusniemi,Pohjois-Savo,,62,52,"4,2",28,20,"39,8"
8032,vt5_Iisalmi_Opt,5,219,5700,7062800,3514300,187,140,Iisalmi,Pohjois-Savo,,63,39,"58,1",27,17,"7,2"
8033,vt9_Suonenjoki_Opt,9,318,4050,6942300,3502700,106,778,Suonenjoki,Pohjois-Savo,,62,35,"7,2",27,2,"57,2"
8034,vt5_Oravikoski_Opt,5,154,791,6942922,3531256,92,420,Leppävirta,Pohjois-Savo,,62,35,"22,6",27,36,"17,9"
8035,vt5_Lapinlahti_Opt,5,212,460,7023100,3522800,90,402,Lapinlahti,Pohjois-Savo,,63,18,"34,4",27,27,"4,8"
8036,vt9_Jännevirta_Opt,9,329,2367,6984148,3543899,88,297,Kuopio,Pohjois-Savo,,62,57,"29,4",27,51,"42,2"
8037,vt9_Vartiala_Opt,9,330,6603,6981318,3553136,116,297,Kuopio,Pohjois-Savo,,62,55,"53,6",28,2,"34,1"
8064,vt23_Mustinsalo_R,23,404,375,6919341,3559919,103,915,Varkaus,Pohjois-Savo,,62,22,"28,4",28,9,"16,2"
8065,vt23_Mustinsalo_Opt,23,404,375,6919341,3559919,103,915,Varkaus,Pohjois-Savo,,62,22,"28,4",28,9,"16,2"
9001,vt4_Toivakka_R,4,227,8,6881100,3450373,185,850,Toivakka,Keski-Suomi,,62,1,"58,6",26,2,"54,9"
9002,vt9_Korpilahti_R,9,229,1827,6877901,3421598,125,277,Korpilahti,Keski-Suomi,,61,59,"57,7",25,30,"1,5"
9003,vt18_Petäjävesi_R,18,47,2902,6908370,3416760,160,592,Petäjävesi,Keski-Suomi,,62,16,"17,8",25,23,"37,4"
9004,vt4_Konginkangas_R,4,314,1272,6975444,3439628,105,992,Äänekoski,Keski-Suomi,,62,52,"39,7",25,48,"36,5"
9005,vt24_Kuhmoinen_R,24,17,6640,6837228,3409781,125,291,Kuhmoinen,Keski-Suomi,,61,37,"54,9",25,17,"43,3"
9006,vt4_Tikkakoski_R,4,304,3913,6924555,3432675,135,410,Laukaa,Keski-Suomi,,62,25,12,25,41,"37,7"
9007,vt9_Lievestuore_R,9,305,2265,6904795,3455480,125,410,Laukaa,Keski-Suomi,,62,14,"46,2",26,8,"24,5"
9008,vt4_Viitasaari_R,4,323,657,7014230,3432961,130,931,Viitasaari,Keski-Suomi,,63,13,"27,8",25,39,"47,9"
9009,vt13_Saarijärvi_R,13,131,5066,6965241,3403100,150,729,Saarijärvi,Keski-Suomi,,62,46,"41,9",25,5,"54,8"
9010,vt13_Kyyjärvi_R,13,125,2160,6990654,3383505,160,312,Kyyjärvi,Keski-Suomi,,63,0,"1,5",24,41,"50,2"
9011,vt9_Hankasalmi_R,9,311,2520,6919202,3478979,113,77,Hankasalmi,Keski-Suomi,,62,22,39,26,35,"25,8"
9012,vt23_Keuruu_R,23,217,4190,6906814,3373477,153,249,Keuruu,Keski-Suomi,,62,14,"43,9",24,33,"43,4"
9013,vt4_Joutsa_R,4,220,1290,6846480,3451724,95,172,Joutsa,Keski-Suomi,,61,43,21,26,5,"1,4"
9014,vt9_Jyväskylä_R,9,235,7700,6905108,3436180,79,179,Jyväskylä,Keski-Suomi,,62,14,"46,2",25,46,"7,6"
9015,vt13_Äänekoski_R,13,139,2972,6941676,3430873,115,992,Äänekoski,Keski-Suomi,,62,34,"23,7",25,39,"7,3"
9016,vt9_Jämsä_R,9,226,3865,6868579,3412341,0,182,Jämsä,Keski-Suomi,,61,54,"49,4",25,19,"42,3"
9017,vt9_Jämsä_Partalanm_R,9,218,7184,6859115,3398084,0,182,Jämsä,Keski-Suomi,,61,49,"31,1",25,3,"45,4"
9018,vt4_Petomäki_R,4,311,660,6955000,3437050,0,992,Äänekoski,Keski-Suomi,,62,41,"37,9",25,46,"1,9"
9019,vt4_Puuppola_R,4,303,2460,6918300,3432870,0,179,Jyväskylä,Keski-Suomi,,62,21,"50,2",25,42,0
9020,vt9_Hankasalmi_as_R,9,309,1250,6911122,3472809,0,77,Hankasalmi,Keski-Suomi,,62,18,"16,6",26,28,"21,1"
9021,vt9_Keljonkangas_R,9,234,1806,6897791,3431495,160,500,Muurame,Keski-Suomi,,62,10,47,25,40,"53,5"
9022,vt4_Rönnynkylä_Opt,4,327,6600,7036380,3432320,119,992,Äänekoski,Keski-Suomi,,63,25,"22,6",25,38,"28,4"
9023,vt4_Lintulahti_Opt,4,313,400,6967569,3439344,101,601,Pihtipudas,Keski-Suomi,,62,48,"25,2",25,48,"26,7"
9024,vt4_Toivakka_Opt,4,227,8,6881100,3450373,185,850,Toivakka,Keski-Suomi,,62,1,"58,6",26,2,"54,9"
9025,vt4_Joutsa_Opt,4,220,1290,6846480,3451724,95,172,Joutsa,Keski-Suomi,,61,43,21,26,5,"1,4"
10001,vt8_Kristiina_R,8,213,5066,6896682,3214475,33,287,Kristiinankaupunki,Pohjanmaa,,62,4,"4,1",21,31,"50,9"
10002,vt8_Närpiö_R,8,224,750,6942711,3213602,16,545,Närpiö,Pohjanmaa,,62,28,"41,6",21,26,"19,2"
10003,vt8_Vaasa_R,8,303,3414,7014860,3236227,20,499,Mustasaari,Pohjanmaa,,63,8,"22,8",21,45,"42,8"
10004,vt8_Oravainen_R,8,311,800,7025801,3263371,7,944,Vöyri,Pohjanmaa,,63,15,"22,7",22,16,"56,4"
10005,kt68_Pietarsaari_R,68,38,1859,7066553,3293124,6,599,Pedersöre,Pohjanmaa,,63,38,"21,6",22,49,"12,6"
10006,vt8_Kokkola_R,8,404,2314,7089829,3317034,7,272,Kokkola,Keski-Pohjanmaa,,63,51,"39,2",23,16,"27,1"
10007,vt3_Jalasjärvi_R,3,224,3710,6927704,3282960,99,164,Jalasjärvi,Etelä-Pohjanmaa,,62,23,"27,6",22,47,"54,8"
10008,vt3_Ilmajoki_R,3,239,5930,6973624,3259504,70,145,Ilmajoki,Etelä-Pohjanmaa,,62,47,"14,1",22,16,"54,4"
10009,kt66_Alavus_R,66,19,4452,6931644,3326046,122,10,Alavus,Etelä-Pohjanmaa,,62,26,"56,1",23,37,"33,8"
10010,vt19_Lapua_R,19,11,4146,6988016,3299095,51,408,Lapua,Etelä-Pohjanmaa,,62,56,"23,7",23,2,"17,4"
10011,vt3_Laihia_Ruto_R,3,248,175,6998925,3241893,9,399,Laihia,Pohjanmaa,,63,0,"4,9",21,53,"55,8"
10012,vt8_Pirttikylä_R,8,232,700,6971812,3226533,40,475,Maalahti,Pohjanmaa,,62,44,"52,6",21,38,"29,4"
10013,vt16_Alajärvi_R,16,20,1344,6995064,3332043,79,5,Alajärvi,Etelä-Pohjanmaa,,63,1,"11,1",23,40,"43,5"
10014,kt67_Seinäjoki_R,67,24,1850,6972774,3284885,41,743,Seinäjoki,Etelä-Pohjanmaa,,62,47,"43,5",22,46,"43,5"
10015,vt13_Kaustinen_R,13,108,2517,7060349,3324762,56,236,Kaustinen,Keski-Pohjanmaa,,63,36,"3,2",23,27,"51,1"
10016,kt44_Kauhajoki_E_R,44,23,1450,6899121,3252149,123,232,Kauhajoki,Etelä-Pohjanmaa,,62,6,"58,4",22,14,"43,6"
10017,kt67_Kauhajoki_P_R,67,14,5200,6939562,3256968,93,232,Kauhajoki,Etelä-Pohjanmaa,,62,28,"51,6",22,16,"51,6"
10018,vt18_Töysä_R,18,22,4960,6949067,3341043,151,863,Töysä,Etelä-Pohjanmaa,,62,36,"42,3",23,53,"59,7"
10019,kt68_Evijärvi_R,68,27,5250,7030560,3325687,79,52,Evijärvi,Etelä-Pohjanmaa,,63,20,"4,6",23,30,"55,6"
10020,st749_Eugmo_Luoto_R,749,10,1000,7085174,3292493,4,440,Luoto,Pohjanmaa,,63,48,20,22,46,"57,7"
10021,vt19_Voltti_R,19,21,677,7027639,3289515,28,4,Alahärmä,Etelä-Pohjanmaa,,63,17,"20,5",22,47,"56,5"
10022,st724_Raippaluoto_R,724,5,497,7023530,3222353,28,499,Mustasaari,Pohjanmaa,,63,12,"24,1",21,28,"23,7"
10023,vt8_Uusikaarlepyy_R,8,319,1870,7047604,3280304,24,893,Uusikaarlepyy,Pohjanmaa,,63,27,"43,5",22,35,19
10024,vt8_Himanka_R,8,411,2628,7109006,3336008,6,95,Himanka,Pohjois-Pohjanmaa,,64,2,"31,4",23,38,"19,7"
10025,vt16_Ylistaro_R,16,8,4252,6992960,3279146,37,975,Ylistaro,Etelä-Pohjanmaa,,62,58,"21,3",22,38,"23,4"
10026,vt8_Lapväärtti_R,8,218,765,6918991,3213689,11,287,Kristiinankaupunki,Pohjanmaa,,62,15,"59,3",21,28,"46,4"
10027,vt8_Riimala_R,8,237,4112,6993926,3234540,20,499,Mustasaari,Pohjanmaa,,62,57,5,21,45,"44,5"
10028,vt8_Kruunupyy_R,8,326,440,7069768,3298012,5,288,Kruunupyy,Pohjanmaa,,63,40,"15,3",22,54,"51,9"
10029,st673_Rangsby_R,673,13,600,6958412,3203855,3,545,Närpiö,Pohjanmaa,,62,36,"38,7",21,13,"24,4"
10030,st724_Raippaluoto_O,724,5,497,7023530,3222353,28,499,Mustasaari,Pohjanmaa,,63,12,"24,1",21,28,"23,7"
10031,kt63_Ullava_R,63,20,6025,7065068,3352072,128,885,Ullava,Keski-Pohjanmaa,,63,39,"20,4",24,0,"33,4"
10032,kt67_Teuva_R,67,9,3113,6943143,3232635,80,846,Teuva,Etelä-Pohjanmaa,,62,29,"46,6",21,48,"19,8"
10033,vt8_Vaasa_Opt,8,303,3414,7014860,3236227,20,499,Mustasaari,Pohjanmaa,,63,8,"22,8",21,45,"42,8"
10034,kt67_Koskenkorva_R,67,19,4350,6961607,3269115,50,145,Ilmajoki,Etelä-Pohjanmaa,,62,41,"9,4",22,29,"9,4"
10035,vt18_Kuivaskylä_R,18,18,3465,6948048,3318749,115,10,Alavus,Etelä-Pohjanmaa,,62,35,"32,4",23,28,"3,4"
10036,vt19_Luopajärvi_R,19,2,4825,6949739,3282050,90,164,Jalasjärvi,Etelä-Pohjanmaa,,62,35,"15,5",22,45,"10,9"
10037,vt8_Lapväärtti_Opt,8,218,765,6918991,3213689,11,287,Kristiinankaupunki,Pohjanmaa,,62,15,"59,3",21,28,"46,4"
10038,vt8_Kristiina_Opt,8,213,5066,6896682,3214475,33,287,Kristiinankaupunki,Pohjanmaa,,62,4,"4,1",21,31,"50,9"
10039,vt8_Vassor_R,8,307,981,7016036,3248818,2,499,Mustasaari,Pohjanmaa,,63,9,33,22,0,"31,6"
10040,vt18_Napue_R,18,5,2691,6996021,3262872,23,152,Isokyrö,Pohjanmaa,,62,59,23,22,18,"56,3"
10041,kt66_Mäyry_R,66,29,229,6967798,3322916,95,300,Kuortane,Etelä-Pohjanmaa,,62,46,"16,5",23,31,"40,4"
10042,vt19_Ylihärmä_R,19,17,1358,7010692,3291910,30,233,Kauhava,Etelä-Pohjanmaa,,63,8,"19,7",22,52,"6,1"
10043,kt68_Vimpeli_R,68,23,0,7011500,3340000,0,934,Vimpeli,Etelä-Pohjanmaa,,63,10,"14,1",23,49,"10,5"
10044,vt19_Rengonkylä_Opt,19,4,1990,6962995,3286575,0,145,Ilmajoki,Etelä-Pohjanmaa,,62,42,"32,1",22,49,27
10045,vt16_Möksy_Opt,16,26,6092,6995660,3360919,0,5,Alajärvi,Etelä-Pohjanmaa,,63,2,"14,4",24,14,"52,1"
10046,vt3_Vaasa_Opt,3,250,5689,7007488,3232310,0,905,Vaasa,Pohjanmaa,,63,4,"15,3",21,41,"47,7"
10047,kt67_Ilmajoki_Opt,67,21,2204,6967515,3276750,43,743,Seinäjoki,Etelä-Pohjanmaa,,62,44,"36,6",22,37,"36,4"
10048,vt13_Perho_Möttönen_R,13,121,1621,7009584,3375361,156,584,Perho,Keski-Pohjanmaa,,62,44,"36,6",22,37,"36,4"
11001,vt8_Kalajoki_R,8,418,167,7141100,3353190,9,208,Kalajoki,Pohjois-Pohjanmaa,,64,20,14,23,57,"30,9"
11002,vt28_Kannus_R,28,6,1963,7092706,3347323,45,217,Kannus,Keski-Pohjanmaa,,63,54,"4,4",23,53,"10,8"
11003,vt27_Ylivieska_R,27,7,5349,7102264,3389820,75,977,Ylivieska,Pohjois-Pohjanmaa,,64,0,"10,4",24,44,"39,1"
11004,kt86_Oulainen_R,86,15,73,7136145,3399130,80,563,Oulainen,Pohjois-Pohjanmaa,,64,18,34,24,54,"41,9"
11005,vt4_Pyhäjärvi_R,4,334,5478,7068271,3446661,156,626,Pyhäjärvi,Pohjois-Pohjanmaa,,63,42,"41,1",25,55,"3,1"
11006,kt58_Lestijärvi_R,58,54,2271,7048690,3384194,146,421,Lestijärvi,Keski-Pohjanmaa,,63,31,"15,2",24,40,"9,3"
11007,vt13_Veteli_R,13,113,3997,7039598,3346630,98,924,Veteli,Keski-Pohjanmaa,,63,25,"30,7",23,55,"27,3"
12001,vt4_Ouluntulli_R,4,365,4725,7206408,3430790,10,564,Oulu,Pohjois-Pohjanmaa,,64,56,"50,5",25,31,"55,4"
12002,vt8_Pattijoki_R,8,429,5235,7178738,3383814,10,678,Raahe,Pohjois-Pohjanmaa,,64,41,"10,7",24,33,"41,7"
12003,vt4_Pulkkila_R,4,350,1996,7131859,3445716,80,617,Pulkkila,Pohjois-Pohjanmaa,,64,16,"53,7",25,52,"32,6"
12004,vt4_Kuivaniemi_R,4,416,714,7273626,3418936,10,292,Kuivaniemi,Pohjois-Pohjanmaa,,65,32,"50,2",25,14,"30,4"
12005,vt20_Ylikiiminki_R,20,10,1271,7232824,3462298,100,973,Ylikiiminki,Pohjois-Pohjanmaa,,65,11,"21,6",26,11,"29,1"
12006,vt20_Pintamo_R,20,24,18,7261715,3529078,170,615,Pudasjärvi,Pohjois-Pohjanmaa,,65,26,"57,6",27,37,"23,6"
12007,vt20_Kuolio_R,20,38,4852,7304784,3583174,270,305,Kuusamo,Pohjois-Pohjanmaa,,65,49,34,28,48,"57,2"
12008,vt5_Kitka_R,5,365,6216,7358304,3585348,240,305,Kuusamo,Pohjois-Pohjanmaa,,66,18,"18,9",28,53,"55,9"
12009,kt88_Pyhäntä_R,88,23,1024,7098863,3478252,190,630,Pyhäntä,Pohjois-Pohjanmaa,,63,59,"21,2",26,33,"7,9"
12010,vt22_Utajärvi_R,22,12,1153,7187276,3465330,80,889,Utajärvi,Pohjois-Pohjanmaa,,64,46,"52,2",26,16,"2,7"
12011,kt78_Kokkokylä_R,78,208,5688,7288485,3485306,120,615,Pudasjärvi,Pohjois-Pohjanmaa,,65,41,"25,3",26,40,"35,4"
12012,vt4_Haukipudas_R,4,406,1470,7231846,3426363,20,84,Haukipudas,Pohjois-Pohjanmaa,,65,10,"28,1",25,25,"30,1"
12013,kt86_Paavola_R,86,23,388,7168720,3414484,60,708,Ruukki,Pohjois-Pohjanmaa,,64,36,"20,5",25,12,"35,2"
12014,vt4_Temmes_R,4,359,489,7173987,3434049,55,859,Tyrnävä,Pohjois-Pohjanmaa,,64,39,"26,3",25,36,"57,5"
12015,vt4_Olhava_R,4,412,2382,7258410,3425185,8,139,Ii,Pohjois-Pohjanmaa,,65,24,"44,5",25,23,"7,4"
12016,vt4_Kärsämäki_R,4,343,2500,7101300,3439300,115,317,Kärsämäki,Pohjois-Pohjanmaa,,64,0,"23,2",25,45,"20,3"
12017,vt8_Liminka_R,8,438,2756,7188494,3422114,25,425,Liminka,Pohjois-Pohjanmaa,,64,47,"5,4",25,21,"30,3"
12018,vt8_Parhalahti_R,8,425,928,7157294,3371616,5,625,Pyhäjoki,Pohjois-Pohjanmaa,,64,29,"23,1",24,19,"30,8"
12019,vt4_Oulu_Intiö_R,4,401,1825,7214600,3429755,10,564,Oulu,Pohjois-Pohjanmaa,,65,1,"14,1",25,30,"21,9"
12020,vt27_Oksava_R,27,11,5816,7080375,3413348,85,69,Haapajärvi,Pohjois-Pohjanmaa,,63,48,"47,9",25,14,"13,9"
12021,vt4_Oulu_Intiö_O,4,401,1825,7214600,3429755,0,564,Oulu,Pohjois-Pohjanmaa,,65,1,"14,1",25,30,"21,9"
12022,vt4_Haaransilta_R,4,360,0,7191787,3428274,0,425,Liminka,Pohjois-Pohjanmaa,,64,48,"56,6",25,29,"10,5"
12023,vt4_Haaransilta_O,4,360,0,7191787,3428274,0,425,Liminka,Pohjois-Pohjanmaa,,64,48,"56,6",25,29,"10,5"
12024,vt4_Ouluntulli_O,4,365,4725,7206408,3430790,0,564,Oulu,Pohjois-Pohjanmaa,,64,56,"50,5",25,31,"55,4"
12025,st816_Hailuoto_R,816,6,7698,7217143,3395411,0,72,Hailuoto,Pohjois-Pohjanmaa,,65,2,"3,6",24,46,34
12026,vt4_Kontinkangas_Opt,4,401,1,7212806,3429781,0,564,Oulu,Pohjois-Pohjanmaa,,65,0,"16,2",25,30,"27,1"
12027,vt4_Temmes_Opt,4,359,489,7173987,3434049,55,859,Tyrnävä,Pohjois-Pohjanmaa,,64,39,"26,3",25,36,"57,5"
12028,vt5_Petäjälampi_R,5,357,3663,7326136,3597482,290,305,Kuusamo,Pohjois-Pohjanmaa,,66,0,"48,4",29,8,"40,6"
12029,vt20_Hönttämäki_R,20,3,4200,7218040,3434196,27,564,Oulu,Pohjois-Pohjanmaa,,65,3,"8,4",25,35,"55,1"
12030,vt20_Hönttämäki_O,20,3,4200,7218040,3434196,27,564,Oulu,Pohjois-Pohjanmaa,,65,3,"8,4",25,35,"55,1"
12031,vt4_Haukipudas_Opt,4,406,1470,7231846,3426363,20,84,Haukipudas,Pohjois-Pohjanmaa,,65,10,"28,1",25,25,"30,1"
12032,vt5_Petäjälampi_Opt,5,357,3663,7326136,3597482,290,305,Kuusamo,Pohjois-Pohjanmaa,,66,0,"48,4",29,8,"40,6"
12033,vt22_Pikkarala_R,22,6,1947,7199055,3445235,13,494,Muhos,Pohjois-Pohjanmaa,,64,53,"2,8",25,50,"25,6"
12034,vt22_Pikkarala_Opt,22,6,1947,7199055,3445235,13,494,Muhos,Pohjois-Pohjanmaa,,64,53,"2,8",25,50,"25,6"
12035,vt28_Kokkosuo_R,28,43,39,7112693,3498309,13,940,Vuolijoki,Kainuu,,64,6,"50,3",26,57,"42,4"
12036,vt20_Taivalkoski_R,20,31,3199,7278135,3560160,200,832,Taivalkoski,Pohjois-Pohjanmaa,,65,35,"32,4",28,18,"1,9"
12037,vt20_Taivalkoski_Opt,20,31,3199,7278135,3560160,200,832,Taivalkoski,Pohjois-Pohjanmaa,,65,35,"32,4",28,18,"1,9"
12038,vt5_Jokivaara_Opt,5,346,836,7293588,3598913,0,305,Kuusamo,Pohjois-Pohjanmaa,,65,43,"16,7",29,9,"5,6"
12039,vt4_Kuivasjärvi_O,4,403,4078,7221100,3426800,16,564,Oulu,Pohjois-Pohjanmaa,,65,4,"41,6",25,26,24
12040,vt8_Revonlahti_Opt,8,434,638,7181500,3402500,0,748,Siikajoki,Pohjois-Pohjanmaa,,64,43,"1,2",24,57,"3,5"
12041,vt4_Hyttikoski_Opt,4,353,4041,7144594,3442169,0,617,Pulkkila,Pohjois-Pohjanmaa,,64,23,"42,7",25,47,"51,2"
13001,vt6_Korholanmäki_R,6,435,468,7116228,3548709,220,765,Sotkamo,Kainuu,,64,8,"32,2",27,59,"49,3"
13002,vt5_Roukajoki_R,5,314,3996,7164990,3567433,152,697,Ristijärvi,Kainuu,,64,34,"35,1",28,24,"13,1"
13003,vt22_Liminpuro_R,22,22,5333,7159497,3511746,125,785,Vaala,Kainuu,,64,32,1,27,14,"28,1"
13004,vt5_Palovaara_R,5,333,50,7229233,3591156,240,777,Suomussalmi,Kainuu,,65,8,"48,4",28,56,"22,2"
13005,kt78_Paasikoski_R,78,116,185,7215405,3533232,190,620,Puolanka,Kainuu,,65,2,"1,1",27,42,6
13006,kt76_Tervasalmi_R,76,10,712,7111151,3602838,175,290,Kuhmo,Kainuu,,64,5,"5,8",29,6,"17,3"
13007,vt5_Hatulanmäki_R,5,228,3116,7099569,3520011,210,205,Kajaani,Kainuu,,63,59,"44,5",27,24,"19,4"
13008,vt4_Kuivasjärvi_R,4,403,4078,7221100,3426800,16,564,Oulu,Pohjois-Pohjanmaa,,65,4,"41,6",25,26,24
13009,vt5_Rytivaara_R,5,306,3681,7135597,3550418,0,578,Paltamo,Kainuu,,64,18,"56,7",28,2,19
13010,vt5_Suomussalmi_R,5,322,30,7188968,3587829,0,777,Suomussalmi,Kainuu,,64,47,"12,2",28,50,37
13011,vt20_Pudasjärvi_R,20,14,10590,7242207,3493044,0,615,Pudasjärvi,Pohjois-Pohjanmaa,,65,16,"32,1",26,50,"50,3"
13012,kt89_Kuusamonkylä_R,89,13,520,7150378,3612612,220,1,Kotikuntaa vailla olevat,Kainuu,,64,26,"0,5",29,20,"4,2"
13013,vt5_Pisto_R,5,339,3707,7260477,3594766,0,777,Suomussalmi,Kainuu,,65,25,"32,9",29,2,"16,5"
13014,vt5_Loikkala_Opt,5,304,4722,7132545,3546038,0,205,Kajaani,Kainuu,,64,17,"20,4",27,56,"49,8"
13015,vt5_Nuottijärvi_Opt,5,233,400,7118230,3525690,0,205,Kajaani,Kainuu,,64,9,"45,7",27,31,"28,4"
14001,st921_Kaakamo_R,921,2,1418,7303900,3383900,4,851,Tornio,Lappi,,65,48,"28,3",24,27,"27,9"
14002,vt4_Jaatila_R,4,443,164,7352100,3425500,50,698,Rovaniemi,Lappi,,66,15,"8,4",25,20,"19,7"
14003,vt4_Saariselkä_R,4,549,3180,7597000,3517600,362,148,Inari,Lappi,,68,27,"23,6",27,25,"30,4"
14004,vt4_Vuojärvi_R,4,515,8562,7442300,3480400,220,758,Sodankylä,Lappi,,67,4,"9,9",26,32,"43,5"
14005,vt21_Kattilakoski_R,21,121,7576,7383600,3357400,65,976,Ylitornio,Lappi,,66,30,"38,8",23,47,"24,4"
14006,vt5_Suomu_R,5,375,528,7385000,3549300,190,320,Kemijärvi,Lappi,,66,33,"8,4",28,6,"21,6"
14007,vt4_Porttipahta_R,4,538,127,7544900,3495500,240,758,Sodankylä,Lappi,,67,59,"23,9",26,53,18
14008,vt4_Paakkola_R,4,431,2035,7325000,3395300,33,845,Tervola,Lappi,,66,0,"3,1",24,41,"23,2"
14009,vt4_Napapiiri_R,4,503,701,7384500,3448900,162,698,Rovaniemi,Lappi,,66,32,51,25,50,"45,3"
14010,vt21_Kukkola_R,21,108,45,7322400,3366500,29,851,Tornio,Lappi,,65,58,"0,3",24,3,"32,2"
14011,vt21_Sieppijärvi_R,21,133,7895,7437900,3371500,135,854,Pello,Lappi,,67,0,"11,7",24,2,"55,8"
14012,kt78_Saukkokangas_R,78,217,5528,7340700,3466200,200,683,Ranua,Lappi,,66,9,"25,7",26,14,"49,7"
14013,kt82_Kalliosalmi_R,82,4,5827,7398400,3484500,180,698,Rovaniemi,Lappi,,66,40,"33,6",26,38,"43,5"
14014,kt83_Raanujärvi_R,83,10,5188,7396500,3404900,102,976,Ylitornio,Lappi,,66,38,"40,7",24,50,"48,8"
14015,kt79_Lohiniva_R,79,19,4511,7458300,3410500,171,261,Kittilä,Lappi,,67,12,"0,4",24,55,"36,7"
14016,vt4_Petsikko_R,4,573,3725,7707200,3509600,284,890,Utsjoki,Lappi,,69,26,"41,4",27,14,"25,9"
14017,vt5_Kairala_R,5,413,902,7456000,3519100,157,583,Pelkosenniemi,Lappi,,67,11,"32,3",27,26,"14,6"
14018,vt21_Tapojärvi_R,21,148,4330,7497700,3356400,183,498,Muonio,Lappi,,67,31,"54,3",23,37,"43,9"
14019,vt21_Saarikoski_R,21,229,9323,7646826,3268466,444,47,Enontekiö,Lappi,,68,48,"23,6",21,15,"7,6"
14020,vt4_Isohaara_R,4,426,4160,7301709,3387221,8,241,Keminmaa,Lappi,,65,47,"21,9",24,31,"55,8"
14021,vt29_Luukkaankangas_R,29,1,4053,7305945,3381720,20,851,Tornio,Lappi,,65,49,"31,3",24,24,"29,9"
14022,vt29_Luukkaankangas_O,29,1,4053,7305945,3381720,20,851,Tornio,Lappi,,65,49,"31,3",24,24,"29,9"
14023,vt29_Kyläjoki_R,29,2,796,7307372,3375108,6,851,Tornio,Lappi,,65,50,"8,3",24,15,"44,9"
14024,vt29_Kyläjoki_O,29,2,797,7307372,3375108,6,851,Tornio,Lappi,,65,50,"8,3",24,15,"44,9"
14025,vt4_Isohaara_O,4,426,4161,7301709,3387221,8,241,Keminmaa,Lappi,,65,47,"21,9",24,31,"55,8"
14026,st863_Sirniö_K,863,9,2400,7304886,3549831,277,614,Posio,Lappi,,65,50,"2,2",28,5,12
14027,st970_Nuorgam_K,970,22,1577,7779255,3535960,11,890,Utsjoki,Lappi,,70,5,"18,3",27,56,"28,5"
14028,yt9401_Ylläs_maisematie_R,9401,1,6810,7500114,3379982,390,273,Kolari,Lappi,,67,33,"50,1",24,10,"41,9"
14029,vt29_Kyläjoki_Opt,29,2,798,7307372,3375108,6,851,Tornio,Lappi,,65,50,"8,3",24,15,"44,9"
14030,vt5_Suomu_Opt,5,375,528,7385000,3549300,190,320,Kemijärvi,Lappi,,66,33,"8,4",28,6,"21,6"
14031,vt4_Santa_Claus_Opt,4,502,2744,7383505,3446175,122,698,Rovaniemi,Lappi,,66,32,"17,3",25,47,"6,1"
14032,vt4_Jaatila_Opt,4,443,164,7352100,3425500,50,698,Rovaniemi,Lappi,,66,15,"8,4",25,20,"19,7"
14033,vt4_Paakkola_Opt,4,431,2035,7325000,3395300,33,845,Tervola,Lappi,,66,0,"3,1",24,41,"23,2"
14034,vt4_Revontuli_R,4,501,1000,7380046,3443693,90,698,Rovaniemi,Lappi,,66,30,24,25,43,"50,8"
14035,vt4_Revontuli_Opt,4,501,1000,7380046,3443693,90,698,Rovaniemi,Lappi,,66,30,24,25,43,"50,8"
14036,vt4_Ristikangas_R,4,425,4465,7294450,3388836,36,240,Kemi,Lappi,,65,43,"29,7",24,34,"24,7"
14037,vt4_Ristikangas_O,4,425,4466,7294450,3388836,36,240,Kemi,Lappi,,65,43,"29,7",24,34,"24,7"
14038,vt4_Ristikangas_Opt,4,425,4467,7294450,3388836,36,240,Kemi,Lappi,,65,43,"29,7",24,34,"24,7"
14039,vt4_Siikalahti_R,4,424,2805,7289810,3391023,4,240,Kemi,Lappi,,65,41,"2,8",24,37,"29,9"
14040,vt4_Siikalahti_O,4,424,2806,7289810,3391023,4,240,Kemi,Lappi,,65,41,"2,8",24,37,"29,9"
14041,vt4_Siikalahti_Opt,4,424,2807,7289810,3391023,4,240,Kemi,Lappi,,65,41,"2,8",24,37,"29,9"
16001,vt1_Lakiamäki_R,1,21,5135,6701370,3299246,0,734,Salo,Varsinais-Suomi,,60,22,"24,5",23,21,"24,7"
16002,vt1_Lakiamäki_O,1,21,5135,6701370,3299246,0,734,Salo,Varsinais-Suomi,,60,22,"24,5",23,21,"24,7"
16003,vt1_Kruusila_R,1,20,6275,6701789,3305959,0,734,Salo,Varsinais-Suomi,,60,22,"49,7",23,28,"40,4"
16004,vt1_Kruusila_O,1,20,6275,6701789,3305959,0,734,Salo,Varsinais-Suomi,,60,22,"49,7",23,28,"40,4"
16005,vt1_Suomusjärvi_R,1,20,767,6702707,3311168,0,734,Salo,Varsinais-Suomi,,60,23,"28,2",23,34,"16,7"
16006,vt1_Suomusjärvi_O,1,20,767,6702707,3311168,0,734,Salo,Varsinais-Suomi,,60,23,"28,2",23,34,"16,7"
16007,vt1_Lahnajärvi_R,1,17,2205,6700612,3319594,0,734,Salo,Varsinais-Suomi,,60,22,"34,5",23,43,"32,7"
16008,vt1_Lahnajärvi_O,1,17,2205,6700612,3319594,0,734,Salo,Varsinais-Suomi,,60,22,"34,5",23,43,"32,7"
16009,vt1_Pitkämäki_R,1,14,3025,6694742,3330960,0,540,Nummi-Pusula,Uusimaa,,60,19,"42,8",23,56,"11,1"
16010,vt1_Pitkämäki_O,1,14,3025,6694742,3330960,0,540,Nummi-Pusula,Uusimaa,,60,19,"42,8",23,56,"11,1"
16011,vt1_Karnainen_R,1,13,4246,6692812,3334497,0,444,Lohja,Uusimaa,,60,18,"45,7",24,0,7
16012,vt1_Karnainen_O,1,13,4246,6692812,3334497,0,444,Lohja,Uusimaa,,60,18,"45,7",24,0,7
16013,vt1_Karnainen_Opt,1,13,4246,6692812,3334497,0,444,Lohja,Uusimaa,,60,18,"45,7",24,0,7
